{
  "closed_set": {
    "overall": 0.5911767771523869,
    "per_snr": {
      "-20.0": 0.04302167892456055,
      "-18.0": 0.042547427117824554,
      "-16.0": 0.049864497035741806,
      "-14.0": 0.06029810383915901,
      "-12.0": 0.08468835055828094,
      "-10.0": 0.12262872606515884,
      "-8.0": 0.18990515172481537,
      "-6.0": 0.27513548731803894,
      "-4.0": 0.34532520174980164,
      "-2.0": 0.41978320479393005,
      "0.0": 0.5063685774803162,
      "2.0": 0.623645007610321,
      "4.0": 0.7496612668037415,
      "6.0": 0.841802179813385,
      "8.0": 0.8943089246749878,
      "10.0": 0.9110433459281921,
      "12.0": 0.9170054197311401,
      "14.0": 0.9204607009887695,
      "16.0": 0.9232384562492371,
      "18.0": 0.9237127304077148,
      "20.0": 0.9226287007331848,
      "22.0": 0.9228319525718689,
      "24.0": 0.9203929305076599,
      "26.0": 0.9199864268302917,
      "28.0": 0.9237805008888245,
      "30.0": 0.9165311455726624
    }
  },
  "resnet1d": {
    "overall": 0.5744136960600376,
    "per_snr": {
      "-20.0": 0.043089430779218674,
      "-18.0": 0.04451219365000725,
      "-16.0": 0.048848237842321396,
      "-14.0": 0.0634823814034462,
      "-12.0": 0.08434959501028061,
      "-10.0": 0.12398374080657959,
      "-8.0": 0.16382113099098206,
      "-6.0": 0.22655826807022095,
      "-4.0": 0.33543360233306885,
      "-2.0": 0.4365176260471344,
      "0.0": 0.5279810428619385,
      "2.0": 0.6267614960670471,
      "4.0": 0.7347561120986938,
      "6.0": 0.8074525594711304,
      "8.0": 0.8644986152648926,
      "10.0": 0.8859755992889404,
      "12.0": 0.894715428352356,
      "14.0": 0.8899729251861572,
      "16.0": 0.8951219320297241,
      "18.0": 0.8920731544494629,
      "20.0": 0.8911246657371521,
      "22.0": 0.8897696733474731,
      "24.0": 0.8928184509277344,
      "26.0": 0.8861111402511597,
      "28.0": 0.8934959173202515,
      "30.0": 0.8915311694145203
    }
  },
  "mcnet": {
    "overall": 0.5707264957264957,
    "per_snr": {
      "-20.0": 0.044850949198007584,
      "-18.0": 0.04220867156982422,
      "-16.0": 0.04817073047161102,
      "-14.0": 0.052439022809267044,
      "-12.0": 0.06775067746639252,
      "-10.0": 0.10250677168369293,
      "-8.0": 0.15088075399398804,
      "-6.0": 0.22710026800632477,
      "-4.0": 0.3313685655593872,
      "-2.0": 0.4228319823741913,
      "0.0": 0.5000677704811096,
      "2.0": 0.5913956761360168,
      "4.0": 0.6956639289855957,
      "6.0": 0.7998644709587097,
      "8.0": 0.8623983860015869,
      "10.0": 0.885840117931366,
      "12.0": 0.8983062505722046,
      "14.0": 0.8970189690589905,
      "16.0": 0.9034552574157715,
      "18.0": 0.9012194871902466,
      "20.0": 0.9010162353515625,
      "22.0": 0.9008129835128784,
      "24.0": 0.9032520055770874,
      "26.0": 0.9014905095100403,
      "28.0": 0.9054877758026123,
      "30.0": 0.9014905095100403
    }
  },
  "cldnn": {
    "overall": 0.6064727954971857,
    "per_snr": {
      "-20.0": 0.04247967526316643,
      "-18.0": 0.044105689972639084,
      "-16.0": 0.048373982310295105,
      "-14.0": 0.05941734462976456,
      "-12.0": 0.0825880765914917,
      "-10.0": 0.11775067448616028,
      "-8.0": 0.1760840117931366,
      "-6.0": 0.262398362159729,
      "-4.0": 0.34268292784690857,
      "-2.0": 0.4382113814353943,
      "0.0": 0.5413278937339783,
      "2.0": 0.642479658126831,
      "4.0": 0.7672086954116821,
      "6.0": 0.8535230159759521,
      "8.0": 0.9051490426063538,
      "10.0": 0.924119234085083,
      "12.0": 0.944037914276123,
      "14.0": 0.9494580030441284,
      "16.0": 0.9528455138206482,
      "18.0": 0.9512194991111755,
      "20.0": 0.9529810547828674,
      "22.0": 0.9552168250083923,
      "24.0": 0.954403817653656,
      "26.0": 0.9537262916564941,
      "28.0": 0.9535908102989197,
      "30.0": 0.9529132843017578
    }
  },
  "randomforest": {
    "overall": 0.42254794663331247,
    "per_snr": {
      "-20.0": 0.04193766787648201,
      "-18.0": 0.04288617894053459,
      "-16.0": 0.04593496024608612,
      "-14.0": 0.054945800453424454,
      "-12.0": 0.06802167743444443,
      "-10.0": 0.07906503975391388,
      "-8.0": 0.0900406539440155,
      "-6.0": 0.13211381435394287,
      "-4.0": 0.20616531372070312,
      "-2.0": 0.27913278341293335,
      "0.0": 0.35846883058547974,
      "2.0": 0.4596205949783325,
      "4.0": 0.5579268336296082,
      "6.0": 0.617682933807373,
      "8.0": 0.6405826807022095,
      "10.0": 0.6498644948005676,
      "12.0": 0.6550812721252441,
      "14.0": 0.6612465977668762,
      "16.0": 0.6697154641151428,
      "18.0": 0.6662601828575134,
      "20.0": 0.6713414788246155,
      "22.0": 0.6674796938896179,
      "24.0": 0.6688346862792969,
      "26.0": 0.6684281826019287,
      "28.0": 0.6655148863792419,
      "30.0": 0.6679539084434509
    }
  },
  "few_shot": {
    "ks": [
      5,
      10,
      20,
      50
    ],
    "ssl_mean": [
      0.2821060121059418,
      0.30883049964904785,
      0.32730454206466675,
      0.3473394811153412
    ],
    "ssl_std": [
      0.005285229999572039,
      0.0069900993257761,
      0.0022433320991694927,
      0.002363749546930194
    ],
    "sup_mean": [
      0.12902282178401947,
      0.1551235169172287,
      0.20601677894592285,
      0.28209400177001953
    ],
    "sup_std": [
      0.011676606722176075,
      0.012293518520891666,
      0.008538734167814255,
      0.00784124992787838
    ]
  },
  "cross_snr": {
    "ssl_acc": 0.30413279132791327,
    "sup_acc": 0.042953929539295395,
    "gain": 0.2611788617886179
  },
  "leave_n_out": {
    "auroc_Mahalanobis_mean": 0.609028919876458,
    "auroc_Mahalanobis_std": 0.06070372222217667,
    "auroc_Softmax_mean": 0.5409277759249541,
    "auroc_Softmax_std": 0.06453242184520003,
    "auroc_Energy_mean": 0.6115079777533636,
    "auroc_Energy_std": 0.15482924528610428,
    "fpr_Mahalanobis_mean": 0.9419577712260638,
    "fpr_Softmax_mean": 0.8783406295601417,
    "fpr_Energy_mean": 0.7643549539891002
  },
  "conformal": {
    "alpha_0.05_q": 1.0,
    "alpha_0.05_coverage": 0.9999791536376902,
    "alpha_0.05_size": 15.03562122159683,
    "alpha_0.1_q": 1.0,
    "alpha_0.1_coverage": 0.9999791536376902,
    "alpha_0.1_size": 15.03562122159683,
    "hybrid_mahalanobis_auroc_mean": 0.609028919876458,
    "hybrid_ood_rejection_at_95tpr": 0.058042228773936166
  },
  "confound_4feature_acc": 0.3354127579737336,
  "meta": {
    "mode": "fulldata",
    "n_per_cell": null,
    "ssl_epochs": 30,
    "ssl_pool_per_class": 2000,
    "ssl_bs": 256,
    "sup_epochs": 12,
    "bs": 256,
    "baseline_epochs": 8,
    "loo_splits": 4,
    "loo_epochs": 6,
    "few_shot_ks": [
      5,
      10,
      20,
      50
    ],
    "few_shot_seeds": 5,
    "alphas": [
      0.05,
      0.1
    ],
    "device": "cuda"
  }
}